V,E,density,time_relative_to_tree,pq_scan,matrix_scan,decrease_key
1500,1499,0.0006666666666666666,1.0184493480948935,2250000,2250000,1499
1500,281062,0.1249997776295308,0.9824434543346591,2250000,2250000,6215
1500,562125,0.25,1.0400239897701757,2250000,2250000,6727
1500,843188,0.3750002223704692,1.1330928121650905,2250000,2250000,6869
1500,1124250,0.5,1.212970619966172,2250000,2250000,7060
1500,1405312,0.6249997776295309,1.2373587906189951,2250000,2250000,6977
1500,1686375,0.75,1.3394571022759405,2250000,2250000,6991
1500,1967438,0.8750002223704691,1.3440425506270308,2250000,2250000,6978
1500,2248500,1.0,1.3388474590178798,2250000,2250000,7229
