V,density,E,time_s,time_per_V2_ns,pq_scan,matrix_scan,decrease_key
200,sparse,1000,0.021896999998716637,547.4249999679159,40000,40000,279
400,sparse,2000,0.07593960000667721,474.62250004173256,160000,160000,598
600,sparse,3000,0.20624289999250323,572.8969444236201,360000,360000,870
800,sparse,4000,0.36978730000555515,577.7926562586799,640000,640000,1130
1000,sparse,5000,0.4949679000128526,494.9679000128526,1000000,1000000,1432
1200,sparse,6000,0.8218177999951877,570.7068055522136,1440000,1440000,1775
1400,sparse,7000,1.1419662999978755,582.6358673458548,1960000,1960000,2059
1600,sparse,8000,1.3894433999957982,542.7513281233587,2560000,2560000,2299
1800,sparse,9000,1.8595698999997694,573.9413271604227,3240000,3240000,2635
2000,sparse,10000,2.3206254999968223,580.1563749992056,4000000,4000000,2947
200,dense,19900,0.02577559999190271,644.3899997975677,40000,40000,761
400,dense,79800,0.10478709999006242,654.9193749378901,160000,160000,1655
600,dense,179700,0.2467181999818422,685.328333282895,360000,360000,2604
800,dense,319600,0.41529659999650903,648.9009374945454,640000,640000,3611
1000,dense,499500,0.7210636000090744,721.0636000090744,1000000,1000000,4513
1200,dense,719400,1.0461615000094753,726.5010416732467,1440000,1440000,5608
1400,dense,979300,1.3536908999958541,690.6586224468643,1960000,1960000,6452
1600,dense,1279200,1.8311277000175323,715.2842578193486,2560000,2560000,7438
1800,dense,1619100,2.3395573000016157,722.0855864202517,3240000,3240000,8410
2000,dense,1999000,3.0209952000004705,755.2488000001176,4000000,4000000,9394
